Title,Link,Views,Duration,Date,Channel Name
Python Tutorial - Python Full Course for Beginners,https://www.youtube.com/watch?v=_uQrJ0TkZlc,32M views,,4 years ago,Programming with Mosh
Python for Beginners - Learn Python in 1 Hour,https://www.youtube.com/watch?v=kqtD5dpn9C8,10M views,,2 years ago,Programming with Mosh
Learn Python - Full Course for Beginners [Tutorial],https://www.youtube.com/watch?v=rfscVS0vtbw,39M views,"4 hours, 26 minutes, 52 seconds",4 years ago,freeCodeCamp.org
Python Full Course for free,https://www.youtube.com/watch?v=XKHEtdqhLK8,8.5M views,12 hours,2 years ago,Bro Code
python4hours beginner tutorial | python tutorial | python full course,https://www.youtube.com/watch?v=zdMUJJKFdsU,1.4M views,"4 hours, 4 minutes, 36 seconds",1 year ago,GrandmaCan -
Python Tutorial for Beginners - Learn Python in 5 Hours [FULL COURSE],https://www.youtube.com/watch?v=t8pPdKYpowI,3.6M views,"5 hours, 31 minutes, 30 seconds",1 year ago,TechWorld with Nana
30 Stupid Moments When Python Tried To Swallow A Hedgehog And Was Stabbed By The Hedgehog,https://www.youtube.com/watch?v=8WkKm1Na1Z0,7M views,"23 minutes, 45 seconds",3 months ago,The Hawk
30 Times Python Fight With Crocodiles What Will Happen,https://www.youtube.com/watch?v=6JDlTQx-DGs,2K views,"24 minutes, 48 seconds",6 hours ago,The Hawk
Giant Python Bit My Face,https://www.youtube.com/watch?v=0qiAUc06HJw,12M views,"9 minutes, 52 seconds",1 year ago,JayPrehistoricPets
16 foot MONSTER python pulled out of the everglades!,https://www.youtube.com/watch?v=D_td0SlMKsM,224K views,"18 minutes, 4 seconds",4 weeks ago,Florida's Wildest
"Python for Data Science - Course for Beginners (Learn Python, Pandas, NumPy, Matplotlib)",https://www.youtube.com/watch?v=LHBE6Q9XlzI,2.7M views,"12 hours, 19 minutes, 52 seconds",2 years ago,freeCodeCamp.org
Python for Beginners Tutorial,https://www.youtube.com/watch?v=b093aqAZiPU,1.3M views,"1 hour, 3 minutes, 21 seconds",1 year ago,Kevin Stratvert
Feeding a Reticulated Python | Secrets of the Zoo: Down Under,https://www.youtube.com/watch?v=OaeHnwnlDqw,1.9M views,"4 minutes, 10 seconds",1 year ago,Nat Geo WILD
Python for Everybody - Full University Python Course,https://www.youtube.com/watch?v=8DvywoWv6fI,5.5M views,"13 hours, 40 minutes, 10 seconds",3 years ago,freeCodeCamp.org
How to Learn Python FAST with ChatGPT?,https://www.youtube.com/watch?v=tEn5BjRY8Uw,624K views,"8 minutes, 5 seconds",3 weeks ago,Sundas Khalid
Making a Game in Python with No Experience,https://www.youtube.com/watch?v=H09PmP5tsy8,411K views,"5 minutes, 57 seconds",1 month ago,Goodgis
Should Python be your First Programming Language?,https://www.youtube.com/watch?v=mhH1nGHXuDU,2.9K views,"4 minutes, 34 seconds",1 day ago,Stefan Mischook
Python in 100 Seconds,https://www.youtube.com/watch?v=x7X9w_GIm1s,1.6M views,"2 minutes, 24 seconds",1 year ago,Fireship
Python Tutorial for Absolute Beginners #1 - What Are Variables?,https://www.youtube.com/watch?v=Z1Yd7upQsXY,8.3M views,"24 minutes, 38 seconds",5 years ago,CS Dojo
you need to learn Python RIGHT NOW!! // EP 1,https://www.youtube.com/watch?v=mRMmlo_Uqcs,1.6M views,"17 minutes, 42 seconds",1 year ago,NetworkChuck
Should You Use OO Design Patterns in Python?,https://www.youtube.com/shorts/95awHXMSoo8,3.4K views,Shorts,1 day ago,ArjanCodes
SCRATCH 1 - MENGGERAKKAN OBJEK ( RBT TAHUN 4 ),https://www.youtube.com/watch?v=9ZefQozR7w4,30K views,"10 minutes, 23 seconds",2 years ago,Cikgu Hazman _ azhar
Java Full Course for free,https://www.youtube.com/watch?v=xk4_1vDrzzo,5.9M views,12 hours,2 years ago,Bro Code
PHP Programming Language Tutorial - Full Course,https://www.youtube.com/watch?v=OK_JCtrrv-c,3.3M views,"4 hours, 36 minutes, 39 seconds",4 years ago,freeCodeCamp.org
What is Python? Why Python is So Popular?,https://www.youtube.com/watch?v=Y8Tko2YC5hA,1.6M views,"4 minutes, 7 seconds",4 years ago,Programming with Mosh
Python Tutorial for Beginners - Full Course in 12 Hours (2022),https://www.youtube.com/watch?v=B9nFMZIYQl0,169K views,"11 hours, 34 minutes, 49 seconds",5 months ago,Clever Programmer
5 Ways You Can Print() In Python,https://www.youtube.com/shorts/MqTH9_PvRVs,213K views,Shorts,6 months ago,Indently
3 PYTHON AUTOMATION PROJECTS FOR BEGINNERS,https://www.youtube.com/watch?v=vEQ8CXFWLZU,652K views,17 minutes,7 months ago,Internet Made Coder
How to Learn Python FAST with ChatGPT?,https://www.youtube.com/watch?v=tEn5BjRY8Uw,624K views,"8 minutes, 5 seconds",3 weeks ago,Sundas Khalid
How to MASTER Python FAST in 2023,https://www.youtube.com/watch?v=bVc8kqh8dKk,41K views,"9 minutes, 59 seconds",3 weeks ago,Internet Made Coder
Making a Game in Python with No Experience,https://www.youtube.com/watch?v=H09PmP5tsy8,411K views,"5 minutes, 57 seconds",1 month ago,Goodgis
Channel Break Out Indicator In Python,https://www.youtube.com/watch?v=Bnv7euL-FxM,1.4K views,"26 minutes, 21 seconds",19 hours ago,CodeTrading
Day 1/10 Python Master Class - Sanjay - Pantech.ai | Pantech Solutions | Warriorsway,https://www.youtube.com/watch?v=wg0auBMo3bM,10K views,"1 hour, 56 minutes, 16 seconds",Streamed 16 hours ago,Pantech Solutions
WORDLS SMALLEST PYTHON! Clutch Update!,https://www.youtube.com/watch?v=lN57BHZdg3Y,902 views,"5 minutes, 19 seconds",15 hours ago,King Austin
Chasing a 14-FOOT Female Python at Night | Swamp People: Serpent Invasion (S2),https://www.youtube.com/watch?v=TIhw48XWGKE,203 views,"10 minutes, 7 seconds",21 hours ago,HISTORY Asia
lets go deeper into Python!! // Python RIGHT NOW!! // EP 2,https://www.youtube.com/watch?v=IXr0-J5XXMA,526K views,"17 minutes, 3 seconds",1 year ago,NetworkChuck
NEW COURSE: Python Interactive Dashboards with Plotly & Dash!,https://www.youtube.com/watch?v=UVA64RMHxbI,108 views,"1 minute, 43 seconds",13 hours ago,Maven Analytics
MasterClass on 'Python Foundations of Programming' | LIVE,https://www.youtube.com/watch?v=nJMH41Oib8I,1.1K views,"1 hour, 33 minutes, 44 seconds",Streamed 45 minutes ago,TalentSprint Coding Prep
Python Django - Apache + mod_wsgi||deployment||60fps,https://www.youtube.com/watch?v=GfMiJvbYk2k,36 views,"33 minutes, 42 seconds",5 hours ago,kfsoft
Top 10 Function Features In Python,https://www.youtube.com/watch?v=pfhrzHcVkfU,112 views,"6 minutes, 33 seconds",12 hours ago,Top Shelf Technology
python |  tkinter label  button | Tkinter,https://www.youtube.com/watch?v=M8HkB0lQ7LE,No views,18 minutes,8 hours ago,-
"ENTREVISTA TCNICA para DATA ENGINEER en USA - Python, APIRest y Airflow #dataengineering",https://www.youtube.com/watch?v=gqOFVWeHoQY,454 views,"58 minutes, 9 seconds",9 hours ago,1lugarparapensar
Intro to Python Coding | 'If' and 'else' statements,https://www.youtube.com/watch?v=_qANzGxwpls,10 views,"2 minutes, 15 seconds",11 hours ago,Affineura
Master Data Science with Python: Learn Essential Techniques and Libraries for Data Analysis,https://www.youtube.com/watch?v=0104ZG_Bjzo,4 views,"1 minute, 45 seconds",14 hours ago,Bepro Masterclass
Python on Hardware weekly video 219 #CircuitPython #Python @Adafruit @micropython,https://www.youtube.com/watch?v=MuQr80Z8Rhg,238 views,"6 minutes, 26 seconds",17 hours ago,Adafruit Industries
